City_ID,City,Lat,Lng,Max Temp,Humidity,Cloudiness,Wind Speed,Country,Date
0,Fort Nelson,58.8053,-122.7002,9.99,85,20,0.0,CA,2022-11-12 04:58:34
1,Chuy,-33.6971,-53.4616,60.03,97,10,6.89,UY,2022-11-12 04:57:53
2,Rikitea,-23.1203,-134.9692,74.08,87,99,15.57,PF,2022-11-12 04:58:34
3,Cidreira,-30.1811,-50.2056,66.56,93,100,11.59,BR,2022-11-12 04:58:35
4,Jamestown,42.097,-79.2353,56.84,74,100,17.27,US,2022-11-12 04:58:35
5,Saskylakh,71.9167,114.0833,-26.68,100,95,1.9,RU,2022-11-12 04:58:35
6,Ushuaia,-54.8,-68.3,40.66,65,0,9.22,AR,2022-11-12 04:58:36
7,Kodiak,57.79,-152.4072,42.31,100,100,9.22,US,2022-11-12 04:58:36
8,Chumikan,54.7183,135.315,20.79,78,93,19.84,RU,2022-11-12 04:58:36
9,Punta Arenas,-53.15,-70.9167,37.51,75,0,4.61,CL,2022-11-12 04:58:37
10,Severo-Kurilsk,50.6789,156.125,35.51,64,98,20.38,RU,2022-11-12 04:58:37
11,Hermanus,-34.4187,19.2345,58.8,73,0,7.67,ZA,2022-11-12 04:54:13
12,Victoria,22.2855,114.1577,84.18,72,54,4.0,HK,2022-11-12 04:55:31
13,Hilo,19.7297,-155.09,73.26,95,49,5.99,US,2022-11-12 04:55:04
14,Narsaq,60.9167,-46.05,20.59,92,100,1.97,GL,2022-11-12 04:58:38
15,Mataram,-8.5833,116.1167,90.41,70,100,4.47,ID,2022-11-12 04:58:38
16,Capreol,46.706,-80.9225,42.55,93,100,9.22,CA,2022-11-12 04:58:38
17,Georgetown,5.4112,100.3354,87.73,74,20,3.44,MY,2022-11-12 04:58:38
18,Kahului,20.8947,-156.47,78.82,68,20,18.41,US,2022-11-12 04:53:57
19,Severnyy,50.677,36.5532,42.84,100,100,8.95,RU,2022-11-12 04:58:39
20,Port Elizabeth,-33.918,25.5701,68.29,83,0,4.61,ZA,2022-11-12 04:58:39
21,Cuamba,-14.8031,36.5372,78.98,53,85,3.74,MZ,2022-11-12 04:58:39
22,Busselton,-33.65,115.3333,62.96,45,92,13.65,AU,2022-11-12 04:58:40
23,Yellowknife,62.456,-114.3525,25.32,93,100,11.5,CA,2022-11-12 04:58:40
24,Pinega,64.7001,43.3936,36.99,97,100,9.37,RU,2022-11-12 04:58:40
25,New Norfolk,-42.7826,147.0587,61.92,44,59,1.99,AU,2022-11-12 04:58:41
26,Port Alfred,-33.5906,26.891,68.18,92,95,1.99,ZA,2022-11-12 04:54:14
27,Hithadhoo,-0.6,73.0833,81.97,72,88,17.34,MV,2022-11-12 04:58:41
28,Fortuna,40.5982,-124.1573,45.91,69,40,4.61,US,2022-11-12 04:55:07
29,Bredasdorp,-34.5322,20.0403,64.54,68,84,8.28,ZA,2022-11-12 04:58:41
30,Tuktoyaktuk,69.4541,-133.0374,8.6,85,20,6.91,CA,2022-11-12 04:58:42
31,Airai,-8.9266,125.4092,71.8,70,88,1.39,TL,2022-11-12 04:58:42
32,Lakes Entrance,-37.8811,147.981,65.16,77,95,6.78,AU,2022-11-12 04:58:42
33,Sisimiut,66.9395,-53.6735,12.9,88,81,8.95,GL,2022-11-12 04:58:43
34,Barrow,71.2906,-156.7887,9.64,93,77,10.27,US,2022-11-12 04:58:43
35,Cayenne,4.9333,-52.3333,75.24,94,100,0.0,GF,2022-11-12 04:58:43
36,Pietersburg,-23.9045,29.4688,63.97,86,100,11.79,ZA,2022-11-12 04:58:44
37,Ndele,8.4109,20.6473,67.75,50,3,3.69,CF,2022-11-12 04:58:44
38,Flinders,-34.5833,150.8552,74.05,76,35,5.82,AU,2022-11-12 04:58:44
39,Sitka,57.0531,-135.33,37.96,91,100,5.26,US,2022-11-12 04:58:45
40,Dikson,73.5069,80.5464,-6.52,100,75,2.48,RU,2022-11-12 04:58:45
41,Norman Wells,65.282,-126.8329,-2.16,78,20,4.61,CA,2022-11-12 04:58:45
42,Murdochville,48.9583,-65.5006,27.48,97,100,6.93,CA,2022-11-12 04:58:46
43,Koumac,-20.5667,164.2833,76.1,81,89,15.55,NC,2022-11-12 04:58:46
44,Albany,42.6001,-73.9662,69.67,94,100,3.0,US,2022-11-12 04:55:00
45,Alofi,-19.0595,-169.9187,76.89,83,34,6.91,NU,2022-11-12 04:59:46
46,Seminole,28.7086,-81.2081,72.19,95,80,4.47,US,2022-11-12 04:59:15
47,Nikolskoye,59.7035,30.7861,53.49,90,100,11.99,RU,2022-11-12 04:59:47
48,Praia,14.9215,-23.5087,73.94,78,20,10.36,CV,2022-11-12 04:59:47
49,Tasiilaq,65.6145,-37.6368,31.37,69,100,23.02,GL,2022-11-12 04:59:48
50,Tamworth,52.634,-1.6959,50.56,90,85,1.99,GB,2022-11-12 04:59:48
51,Bay-Khaak,51.1667,94.5,18.3,82,85,0.22,RU,2022-11-12 04:59:48
52,Hobart,-42.8794,147.3294,62.28,56,20,12.66,AU,2022-11-12 04:59:48
53,Jungapeo,19.45,-100.4833,61.81,99,2,3.78,MX,2022-11-12 04:59:49
54,Goundam,16.4145,-3.6708,74.23,14,22,7.94,ML,2022-11-12 04:59:49
55,Khatanga,71.9667,102.5,-32.06,100,75,5.23,RU,2022-11-12 04:59:49
56,Shingu,33.7333,135.9833,68.74,72,15,6.85,JP,2022-11-12 04:59:50
57,Zeya,53.75,127.2667,26.65,50,1,3.83,RU,2022-11-12 04:59:50
58,Iqaluit,63.7506,-68.5145,5.7,92,75,3.44,CA,2022-11-12 04:55:12
59,Coihaique,-45.5752,-72.0662,50.61,93,40,3.44,CL,2022-11-12 04:59:50
60,Chokurdakh,70.6333,147.9167,-28.35,100,87,5.97,RU,2022-11-12 04:59:51
61,Ostrovnoy,68.0531,39.5131,35.96,98,100,10.89,RU,2022-11-12 04:59:51
62,Havelock,34.8791,-76.9013,76.98,88,100,23.02,US,2022-11-12 04:55:15
63,Lac Du Bonnet,50.2536,-96.0612,7.84,97,27,4.72,CA,2022-11-12 04:59:51
64,Lata,40.1629,-8.3327,51.08,84,0,4.97,PT,2022-11-12 04:59:52
65,Alice Springs,-23.7,133.8833,92.75,33,41,16.11,AU,2022-11-12 04:59:00
66,College,64.8569,-147.8028,24.58,91,100,3.58,US,2022-11-12 04:55:46
67,Slobodskoy,58.7322,50.1772,40.15,97,100,11.9,RU,2022-11-12 04:59:52
68,Bara,10.3744,10.7288,70.29,31,38,6.6,NG,2022-11-12 04:59:52
69,East London,-33.0153,27.9116,72.54,78,0,10.36,ZA,2022-11-12 04:58:23
70,Port Lincoln,-34.7333,135.8667,66.6,82,64,4.23,AU,2022-11-12 04:58:28
71,Bonfim,3.0833,-59.95,75.04,83,19,4.23,BR,2022-11-12 04:59:53
72,Vaini,-21.2,-175.2,84.36,74,20,6.91,TO,2022-11-12 04:59:53
73,Warrington,53.3925,-2.5802,54.63,92,16,8.05,GB,2022-11-12 04:59:53
74,Saint-Philippe,-21.3585,55.7679,80.19,63,4,6.69,RE,2022-11-12 04:59:54
75,Kaitangata,-46.2817,169.8464,61.9,61,92,10.11,NZ,2022-11-12 04:59:54
76,Diamantino,-14.4086,-56.4461,71.71,93,100,4.63,BR,2022-11-12 04:59:54
77,Dordrecht,51.81,4.6736,48.06,96,27,5.7,NL,2022-11-12 04:59:55
78,Tautira,-17.7333,-149.15,76.03,85,93,7.63,PF,2022-11-12 04:59:55
79,Auki,-8.7676,160.7034,77.38,92,100,2.39,SB,2022-11-12 04:59:55
80,Bluff,-46.6,168.3333,58.8,66,100,8.77,NZ,2022-11-12 04:59:56
81,Mataura,-46.1927,168.8643,58.48,43,100,6.04,NZ,2022-11-12 04:59:56
82,Buin,-33.7333,-70.75,60.21,64,100,0.96,CL,2022-11-12 04:59:56
83,Peniche,39.3558,-9.3811,58.44,84,0,9.53,PT,2022-11-12 04:59:56
84,Atasu,48.6814,71.6433,28.81,94,100,18.52,KZ,2022-11-12 04:59:57
85,Los Llanos De Aridane,28.6585,-17.9182,64.15,73,20,6.91,ES,2022-11-12 04:59:57
86,Codrington,-38.2667,141.9667,57.7,79,100,13.76,AU,2022-11-12 04:59:57
87,Port Hardy,50.6996,-127.4199,39.38,93,75,2.3,CA,2022-11-12 04:59:58
88,Cumbitara,1.6517,-77.5823,58.06,99,100,2.35,CO,2022-11-12 04:59:58
89,Nouadhibou,20.931,-17.0347,68.43,88,0,9.53,MR,2022-11-12 04:59:58
90,Araouane,18.9048,-3.5265,70.09,14,64,8.9,ML,2022-11-12 04:59:59
91,Atikokan,48.7555,-91.6216,17.26,90,99,9.64,CA,2022-11-12 05:00:59
92,Puerto Ayacucho,5.6639,-67.6236,73.87,95,92,3.29,VE,2022-11-12 05:00:59
93,Atuona,-9.8,-139.0333,77.34,78,11,11.86,PF,2022-11-12 05:01:00
94,Synya,65.3718,58.0387,8.53,99,96,4.36,RU,2022-11-12 05:01:00
95,Ferrol,43.4832,-8.2369,57.34,75,10,7.94,ES,2022-11-12 05:01:01
96,Tiksi,71.6872,128.8694,-17.73,100,86,7.38,RU,2022-11-12 05:01:01
97,Geraldton,-28.7667,114.6,70.21,32,1,20.71,AU,2022-11-12 05:01:02
98,Klaksvik,62.2266,-6.589,49.12,77,95,22.55,FO,2022-11-12 05:01:02
99,Longyearbyen,78.2186,15.6401,15.64,86,0,3.44,SJ,2022-11-12 05:00:57
100,Melilla,35.2937,-2.9383,70.18,35,0,5.75,ES,2022-11-12 05:01:03
101,Vila Franca Do Campo,37.7167,-25.4333,63.01,77,4,10.16,PT,2022-11-12 05:01:04
102,Zhaoqing,23.0512,112.4597,81.82,43,0,2.39,CN,2022-11-12 05:00:28
103,Mehamn,71.0357,27.8492,37.31,100,100,2.3,NO,2022-11-12 05:01:04
104,Jahangirabad,28.4167,78.1,75.67,32,0,10.02,IN,2022-11-12 05:01:05
105,Ambovombe,-25.1667,46.0833,78.13,70,18,11.61,MG,2022-11-12 05:01:05
106,Aklavik,68.2191,-135.0107,4.33,95,40,8.03,CA,2022-11-12 05:01:06
107,Oranjemund,-28.55,16.4333,59.61,76,63,8.48,NA,2022-11-12 05:01:06
108,Evensk,61.95,159.2333,18.43,91,100,1.48,RU,2022-11-12 05:01:06
109,Mayo,38.8876,-76.5119,72.07,95,100,23.0,US,2022-11-12 04:59:10
110,La Ronge,55.1001,-105.2842,7.86,95,45,8.46,CA,2022-11-12 05:00:43
111,Ibimirim,-8.5406,-37.6903,75.15,77,34,6.53,BR,2022-11-12 05:01:07
112,Coquimbo,-29.9533,-71.3436,58.1,77,74,2.71,CL,2022-11-12 05:01:07
113,Ternate,0.8,127.4,85.26,68,77,6.13,ID,2022-11-12 05:01:08
114,Nishihara,26.1842,127.7558,78.08,89,75,17.27,JP,2022-11-12 05:01:08
115,Bambous Virieux,-20.3428,57.7575,79.21,61,20,5.75,MU,2022-11-12 05:01:09
116,Sao Filipe,14.8961,-24.4956,76.53,71,77,3.56,CV,2022-11-12 05:01:10
117,Mananara,-16.1667,49.7667,78.82,54,64,3.36,MG,2022-11-12 05:01:10
118,Lebu,-37.6167,-73.65,52.0,90,83,11.39,CL,2022-11-12 05:01:10
119,Marawi,7.9986,124.2928,76.82,86,52,3.96,PH,2022-11-12 05:01:11
120,Mar Del Plata,-38.0023,-57.5575,63.95,93,89,11.01,AR,2022-11-12 05:01:11
121,Samarkand,39.6542,66.9597,42.22,70,14,6.91,UZ,2022-11-12 05:01:12
122,Makakilo City,21.3469,-158.0858,75.56,66,16,16.98,US,2022-11-12 05:01:12
123,Hohhot,40.8106,111.6522,35.64,55,21,8.41,CN,2022-11-12 05:01:13
124,Port Blair,11.6667,92.75,84.11,67,81,13.56,IN,2022-11-12 05:01:14
125,Guerrero Negro,27.9769,-114.0611,63.91,58,79,8.72,MX,2022-11-12 05:01:14
126,Canico,32.6333,-16.85,67.71,83,20,6.91,PT,2022-11-12 05:01:15
127,Kloulklubed,7.0419,134.2556,84.7,75,95,14.61,PW,2022-11-12 05:01:15
128,Pemba,-12.974,40.5178,78.49,76,5,5.86,MZ,2022-11-12 05:01:16
129,Volchikha,52.0333,80.3833,28.65,95,100,16.24,RU,2022-11-12 05:01:16
130,Svetlogorsk,52.6333,29.7333,43.65,96,100,10.0,BY,2022-11-12 04:59:10
131,North Bend,43.4065,-124.2243,46.85,98,74,6.87,US,2022-11-12 05:00:06
132,Creel,27.75,-107.6333,40.46,83,26,0.31,MX,2022-11-12 05:01:17
133,Sorland,67.667,12.6934,44.46,74,100,31.34,NO,2022-11-12 05:01:17
134,San Jose,37.3394,-121.895,52.25,77,0,3.44,US,2022-11-12 04:56:39
135,Havoysund,70.9963,24.6622,35.83,91,99,8.5,NO,2022-11-12 05:01:18
136,Saint-Augustin,51.226,-58.6502,28.49,41,100,6.53,CA,2022-11-12 05:01:18
137,Luancheng,37.8792,114.6517,57.42,34,97,15.28,CN,2022-11-12 05:01:18
138,Jurm,36.8648,70.8342,44.19,51,100,3.42,AF,2022-11-12 05:01:19
139,Lompoc,34.6391,-120.4579,48.58,66,25,4.43,US,2022-11-12 05:01:19
140,Butaritari,3.0707,172.7902,81.66,76,96,14.47,KI,2022-11-12 05:02:20
141,Qom,34.6401,50.8764,58.14,31,100,1.25,IR,2022-11-12 04:58:31
142,Okha,53.5739,142.9478,29.8,65,83,8.88,RU,2022-11-12 05:00:56
143,Mandalgovi,45.7625,106.2708,28.44,39,1,14.34,MN,2022-11-12 05:02:20
144,Torbay,47.6666,-52.7314,37.27,88,100,4.61,CA,2022-11-12 05:02:21
145,Akyab,20.15,92.9,81.7,57,14,5.64,MM,2022-11-12 04:57:50
146,Tazovskiy,67.4667,78.7,-16.91,98,13,5.1,RU,2022-11-12 05:02:21
147,Mount Gambier,-37.8333,140.7667,56.86,96,100,9.06,AU,2022-11-12 05:02:22
148,Tolbazy,54.0241,55.8825,37.09,95,100,15.61,RU,2022-11-12 05:02:22
149,Solhan,38.9634,41.0293,29.82,69,2,4.61,TR,2022-11-12 05:02:23
150,Kathmandu,27.7167,85.3167,64.62,68,20,4.61,NP,2022-11-12 05:02:10
151,Mayna,54.1135,47.6231,40.84,88,100,17.85,RU,2022-11-12 05:02:23
152,Dicabisagan,17.0818,122.4157,84.69,74,17,7.2,PH,2022-11-12 05:02:23
153,Ilulissat,69.2167,-51.1,10.42,85,78,3.44,GL,2022-11-12 05:02:24
154,Kavieng,-2.5744,150.7967,82.9,74,100,5.3,PG,2022-11-12 05:02:24
155,Cape Town,-33.9258,18.4232,63.88,69,4,7.0,ZA,2022-11-12 05:02:25
156,Mayumba,-3.432,10.6554,75.67,90,97,7.72,GA,2022-11-12 05:02:25
157,Henderson,36.0397,-114.9819,50.65,28,0,0.0,US,2022-11-12 04:59:15
158,Bethel,41.3712,-73.414,69.78,86,100,3.0,US,2022-11-12 05:02:26
159,Onega,63.9061,38.1404,41.05,88,100,13.6,RU,2022-11-12 05:02:27
160,Gweta,-20.1833,25.2333,72.09,73,99,14.41,BW,2022-11-12 05:02:27
161,Cabo San Lucas,22.8909,-109.9124,74.52,75,77,3.0,MX,2022-11-12 05:00:11
162,Khartoum,15.5518,32.5324,71.02,37,3,1.99,SD,2022-11-12 04:58:08
163,Gamba,-2.65,10.0,74.95,91,90,5.39,GA,2022-11-12 05:02:28
164,Omboue,-1.5746,9.2618,75.36,90,88,4.85,GA,2022-11-12 05:02:28
165,Cherskiy,68.75,161.3,-19.35,98,100,2.75,RU,2022-11-12 05:02:28
166,Chapais,49.7834,-74.8492,31.86,98,100,7.99,CA,2022-11-12 05:02:29
167,Pevek,69.7008,170.3133,-15.47,100,95,4.41,RU,2022-11-12 05:02:29
168,Innisfail,-17.5333,146.0333,82.27,56,6,8.05,AU,2022-11-12 05:02:30
169,Talnakh,69.4865,88.3972,-20.79,96,36,0.92,RU,2022-11-12 05:02:30
170,Buraydah,26.326,43.975,69.04,43,100,4.43,SA,2022-11-12 05:02:31
171,Changji,44.0167,87.3167,39.99,60,0,2.24,CN,2022-11-12 05:02:31
172,Sao Caetano De Odivelas,-0.75,-48.02,74.84,94,71,4.56,BR,2022-11-12 05:02:32
173,Arraial Do Cabo,-22.9661,-42.0278,72.64,95,100,13.85,BR,2022-11-12 05:02:32
174,Rawson,-43.3002,-65.1023,55.94,78,96,17.6,AR,2022-11-12 05:00:57
175,Vardo,70.3705,31.1107,39.72,96,100,12.12,NO,2022-11-12 05:02:32
176,Mahebourg,-20.4081,57.7,79.25,61,20,5.75,MU,2022-11-12 05:01:32
177,Lagoa,39.05,-27.9833,62.85,75,69,28.88,PT,2022-11-12 05:00:32
178,Berlevag,70.8578,29.0864,37.35,93,75,2.3,NO,2022-11-12 05:02:33
179,Luderitz,-26.6481,15.1594,57.87,79,18,5.14,NA,2022-11-12 04:59:38
180,Tabas,33.5959,56.9244,66.33,27,99,1.86,IR,2022-11-12 05:02:33
181,Asau,46.4333,26.4,31.12,80,9,3.78,RO,2022-11-12 05:02:34
182,Souillac,-20.5167,57.5167,77.38,61,20,5.75,MU,2022-11-12 05:02:34
183,Henties Bay,-22.116,14.2845,58.21,91,8,6.04,NA,2022-11-12 05:02:34
184,Isangel,-19.55,169.2667,80.2,81,100,0.36,VU,2022-11-12 05:02:35
185,Kaeo,-35.1,173.7833,71.33,82,37,10.38,NZ,2022-11-12 05:02:35
186,Dingle,10.9995,122.6711,86.07,73,94,11.9,PH,2022-11-12 05:02:36
187,Safaga,26.7292,33.9365,70.72,55,0,11.95,EG,2022-11-12 05:02:36
188,Bengkulu,-3.8004,102.2655,82.74,73,99,8.32,ID,2022-11-12 05:03:36
189,Kiama,-34.6833,150.8667,74.25,75,34,6.55,AU,2022-11-12 05:03:37
190,Zhezkazgan,47.8043,67.7144,26.58,86,100,15.66,KZ,2022-11-12 05:03:37
191,Saint George,37.1041,-113.5841,42.94,52,0,3.44,US,2022-11-12 05:00:19
192,Jizan,17.3333,42.6667,82.69,62,0,6.2,SA,2022-11-12 05:03:37
193,Provideniya,64.3833,-173.3,15.46,72,0,9.91,RU,2022-11-12 05:03:38
194,Kedrovyy,56.1667,91.8167,30.87,73,98,10.4,RU,2022-11-12 05:03:38
195,Hutang,31.5333,119.4833,83.91,45,50,12.08,CN,2022-11-12 05:03:38
196,Goderich,43.7501,-81.7165,49.91,67,100,18.37,CA,2022-11-12 05:01:42
197,Kapaa,22.0752,-159.319,75.18,70,20,17.27,US,2022-11-12 05:03:39
198,Leningradskiy,69.3833,178.4167,-12.08,98,27,5.97,RU,2022-11-12 05:03:39
199,Vostok,46.4856,135.8833,33.3,80,97,3.13,RU,2022-11-12 05:03:39
200,Broken Hill,-31.95,141.4333,92.91,18,69,19.22,AU,2022-11-12 05:00:45
201,Cookeville,36.1628,-85.5016,54.64,89,100,1.01,US,2022-11-12 05:03:40
202,Sorong,-0.8833,131.25,83.57,72,100,1.77,ID,2022-11-12 05:03:40
203,Avarua,-21.2078,-159.775,73.45,68,40,11.5,CK,2022-11-12 05:03:40
204,Namatanai,-3.6667,152.4333,82.11,77,96,8.25,PG,2022-11-12 05:03:41
205,Faanui,-16.4833,-151.75,77.86,78,79,7.29,PF,2022-11-12 05:03:41
206,Castro,-24.7911,-50.0119,57.96,95,79,6.8,BR,2022-11-12 05:03:41
207,Alihe,50.5667,123.7167,27.5,46,1,2.37,CN,2022-11-12 05:03:42
208,Casablanca,33.5928,-7.6192,53.82,72,0,4.29,MA,2022-11-12 05:03:42
209,Esperance,-33.8667,121.9,62.44,71,80,18.39,AU,2022-11-12 05:03:42
210,Mulege,26.8833,-111.9833,64.92,58,67,7.47,MX,2022-11-12 05:03:43
211,Magomeni,-6.8,39.25,80.62,70,11,5.12,TZ,2022-11-12 05:03:43
212,Chatellerault,46.8,0.5333,47.12,86,60,6.64,FR,2022-11-12 05:02:42
213,Leninogorsk,54.6026,52.4609,38.73,97,100,16.13,RU,2022-11-12 05:03:43
214,Hun,29.1268,15.9477,57.0,53,0,3.89,LY,2022-11-12 05:03:44
215,Upernavik,72.7868,-56.1549,11.07,79,96,8.39,GL,2022-11-12 05:03:44
216,Russell,32.3502,-85.1999,67.23,92,63,3.0,US,2022-11-12 05:00:50
217,Carnarvon,-24.8667,113.6333,70.75,45,0,20.45,AU,2022-11-12 05:03:44
218,Paracuru,-3.41,-39.0306,80.11,77,22,10.98,BR,2022-11-12 05:03:45
219,Chifeng,42.2683,118.9636,31.48,71,96,16.53,CN,2022-11-12 05:03:09
220,Gizo,-8.103,156.8419,82.33,76,100,5.55,SB,2022-11-12 05:03:45
221,Antofagasta,-23.65,-70.4,60.08,81,30,6.2,CL,2022-11-12 05:03:45
222,Saint-Pierre,-21.3393,55.4781,81.91,61,0,10.36,RE,2022-11-12 05:03:46
223,Calama,-22.4667,-68.9333,49.15,25,0,5.77,CL,2022-11-12 05:00:02
224,Tuatapere,-46.1333,167.6833,58.01,64,100,7.7,NZ,2022-11-12 05:03:46
225,Pandan,14.0453,124.1694,85.86,73,98,9.44,PH,2022-11-12 05:03:46
226,Puerto Ayora,-0.7393,-90.3518,68.56,87,56,3.0,EC,2022-11-12 05:03:47
227,Yukamenskoye,57.8865,52.2416,39.54,97,100,14.05,RU,2022-11-12 05:03:47
228,Karachev,53.1229,34.9852,44.42,92,100,13.94,RU,2022-11-12 05:03:47
229,Sinnamary,5.3833,-52.95,77.56,88,38,5.03,GF,2022-11-12 05:00:22
230,Mao,39.8885,4.2658,66.76,88,75,8.05,ES,2022-11-12 05:03:48
231,Imbituba,-28.24,-48.6703,66.18,95,100,8.05,BR,2022-11-12 05:02:48
232,Thompson,55.7435,-97.8558,-12.12,100,49,2.8,CA,2022-11-12 05:03:48
233,Constitucion,-35.3333,-72.4167,54.81,94,98,11.21,CL,2022-11-12 05:03:49
234,Peace River,56.2501,-117.286,28.71,93,100,9.22,CA,2022-11-12 05:01:05
235,Clyde River,70.4692,-68.5914,-12.42,97,58,3.69,CA,2022-11-12 05:03:21
236,Yarada,17.65,83.2667,84.52,58,75,9.22,IN,2022-11-12 05:03:49
237,Burns Lake,54.2331,-125.7533,28.04,96,100,1.99,CA,2022-11-12 05:00:43
238,Kendari,-3.945,122.4989,87.44,64,97,3.85,ID,2022-11-12 05:04:50
239,Sao Joao Da Barra,-21.6403,-41.0511,73.22,93,64,13.53,BR,2022-11-12 05:04:50
240,Caravelas,-17.7125,-39.2481,73.26,87,100,4.45,BR,2022-11-12 05:01:56
241,Puerto Del Rosario,28.5004,-13.8627,71.35,83,75,8.05,ES,2022-11-12 05:04:50
242,Huanren,41.2647,125.3667,48.74,98,100,4.9,CN,2022-11-12 05:04:50
243,Beringovskiy,63.05,179.3167,7.79,96,49,14.23,RU,2022-11-12 05:04:51
244,Kupang,-10.1667,123.5833,86.52,67,79,10.27,ID,2022-11-12 05:04:51
245,Brunsbuttel,53.9,9.15,45.39,92,14,1.99,DE,2022-11-12 05:04:51
246,Roswell,34.0232,-84.3616,64.08,94,100,8.05,US,2022-11-12 05:01:21
247,Miracema Do Tocantins,-9.5618,-48.3967,74.03,85,38,1.1,BR,2022-11-12 05:04:52
248,Mount Isa,-20.7333,139.5,80.37,61,40,10.36,AU,2022-11-12 05:04:52
249,Gravelbourg,49.8834,-106.5512,4.66,95,6,5.61,CA,2022-11-12 05:04:53
250,Tura,25.5198,90.2201,77.38,54,62,3.02,IN,2022-11-12 05:04:53
251,Tayoltita,24.0833,-105.9333,59.32,71,37,5.21,MX,2022-11-12 05:04:53
252,Moanda,-1.5575,13.2178,68.74,98,100,1.16,GA,2022-11-12 05:04:53
253,Morristown,36.214,-83.2949,60.39,84,100,5.75,US,2022-11-12 05:04:54
254,Kondoa,-4.9,35.7833,65.8,76,36,6.46,TZ,2022-11-12 05:04:54
255,Toamasina,-18.1667,49.3833,76.96,64,58,4.27,MG,2022-11-12 05:04:54
256,Ayan,56.45,138.1667,24.87,50,94,15.64,RU,2022-11-12 05:04:55
257,Araure,9.5601,-69.2148,72.79,94,100,2.82,VE,2022-11-12 05:04:55
258,Qaanaaq,77.484,-69.3632,-3.06,66,0,7.54,GL,2022-11-12 05:04:55
259,Cockburn Town,21.4612,-71.1419,81.46,78,4,16.82,TC,2022-11-12 05:04:56
260,Katobu,-4.9408,122.5276,86.52,67,85,2.89,ID,2022-11-12 05:04:56
261,Bonthe,7.5264,-12.505,76.69,83,11,2.93,SL,2022-11-12 05:03:09
262,Puerto Escondido,15.85,-97.0667,78.62,83,15,3.04,MX,2022-11-12 05:04:56
263,Ampanihy,-24.7,44.75,80.44,57,7,11.79,MG,2022-11-12 05:04:56
264,Nkhotakota,-12.9274,34.2961,75.58,74,68,4.5,MW,2022-11-12 05:04:57
265,Salalah,17.0151,54.0924,84.29,51,20,2.3,OM,2022-11-12 05:04:57
266,Grants Pass,42.439,-123.3284,44.26,96,100,6.91,US,2022-11-12 05:04:57
267,Ribeira Grande,38.5167,-28.7,64.8,68,75,23.02,PT,2022-11-12 05:04:58
268,Magistralnyy,56.1725,107.4458,28.74,68,100,9.01,RU,2022-11-12 05:04:58
269,Milkovo,54.7167,158.6167,14.7,88,67,2.59,RU,2022-11-12 05:04:58
270,Maningrida,-12.0667,134.2667,91.11,53,37,12.95,AU,2022-11-12 05:04:59
271,Iguape,-24.7081,-47.5553,68.97,93,99,1.74,BR,2022-11-12 05:04:59
272,Kharan,28.5833,65.4167,73.62,24,92,6.73,PK,2022-11-12 05:04:59
273,Yatou,37.15,122.3833,63.27,97,100,13.98,CN,2022-11-12 05:04:59
274,Apastepeque,13.6667,-88.7833,71.28,96,47,1.32,SV,2022-11-12 05:05:00
275,Bilma,18.6853,12.9164,65.95,31,8,8.34,NE,2022-11-12 05:05:00
276,Nome,64.5011,-165.4064,17.67,63,0,5.75,US,2022-11-12 05:04:42
277,Ancud,-41.8697,-73.8203,51.26,97,100,4.74,CL,2022-11-12 05:05:00
278,Contamana,-7.3333,-75.0167,76.28,73,69,1.88,PE,2022-11-12 05:05:01
279,Taoudenni,22.6783,-3.9836,73.83,17,100,10.85,ML,2022-11-12 05:05:01
280,Dudinka,69.4058,86.1778,-20.38,100,54,5.53,RU,2022-11-12 05:05:01
281,Naraini,25.1833,80.4833,78.04,39,0,5.41,IN,2022-11-12 05:05:02
282,Padang,-0.9492,100.3543,82.45,82,100,4.05,ID,2022-11-12 05:06:02
283,Ambilobe,-13.2,49.05,81.99,50,65,3.4,MG,2022-11-12 05:06:03
284,Kruisfontein,-34.0033,24.7314,72.23,63,0,2.06,ZA,2022-11-12 05:06:03
285,Kyaukse,21.6,96.1333,87.8,51,20,3.44,MM,2022-11-12 05:06:03
286,Yakeshi,49.2833,120.7333,21.43,68,5,5.46,CN,2022-11-12 05:06:04
287,Gobabis,-22.45,18.9667,68.58,19,51,5.66,NA,2022-11-12 05:06:04
288,Aripuana,-9.1667,-60.6333,71.33,98,100,2.01,BR,2022-11-12 05:05:09
289,Ambon,-3.6954,128.1814,86.14,70,40,10.36,ID,2022-11-12 05:06:05
290,Kieta,-6.2167,155.6333,80.19,87,92,9.44,PG,2022-11-12 05:06:05
291,Celestun,20.8667,-90.4,74.59,84,0,9.15,MX,2022-11-12 05:06:05
292,Deputatskiy,69.3,139.9,-10.05,99,99,1.88,RU,2022-11-12 05:06:06
293,Alyangula,-13.8483,136.4192,86.81,65,55,11.81,AU,2022-11-12 05:06:06
294,Lobito,-12.3481,13.5456,72.23,78,86,2.86,AO,2022-11-12 05:06:06
295,Belaya Gora,68.5333,146.4167,-27.53,100,98,0.65,RU,2022-11-12 05:06:07
296,Vuktyl,63.8567,57.3094,24.37,88,100,10.69,RU,2022-11-12 05:06:07
297,Tarbagatay,51.4803,107.3602,18.93,62,92,4.59,RU,2022-11-12 05:06:07
298,Sibolga,1.7427,98.7792,76.37,93,100,2.24,ID,2022-11-12 05:02:08
299,Svetlaya,46.5389,138.3297,46.13,66,100,4.63,RU,2022-11-12 05:06:08
300,Codajas,-3.8367,-62.0569,74.07,92,76,2.73,BR,2022-11-12 05:06:08
301,La Asuncion,11.0333,-63.8628,79.41,84,100,11.88,VE,2022-11-12 05:05:43
302,Masumbwe,-3.6333,32.1833,68.11,84,96,0.31,TZ,2022-11-12 05:06:09
303,Mamlyutka,54.9375,68.5394,35.62,99,100,11.81,KZ,2022-11-12 05:06:09
304,Tiznit,29.5833,-9.5,69.04,20,94,17.09,MA,2022-11-12 05:06:10
305,Waipawa,-41.4122,175.5153,66.0,69,14,5.1,NZ,2022-11-12 05:06:10
306,Xuddur,4.1213,43.8894,76.89,70,5,16.04,SO,2022-11-12 05:06:11
307,Fare,-16.7,-151.0167,78.19,76,98,6.17,PF,2022-11-12 05:06:11
308,Hofn,64.2539,-15.2082,44.04,91,100,5.79,IS,2022-11-12 05:06:12
309,Adrar,20.5022,-10.0711,67.8,16,23,10.29,MR,2022-11-12 05:02:22
310,Arman,59.7,150.1667,1.42,79,4,5.86,RU,2022-11-12 05:06:13
311,Masallatah,32.6167,14.0,62.04,76,7,1.63,LY,2022-11-12 05:06:13
312,Dongsheng,39.8161,109.9776,33.08,61,19,12.66,CN,2022-11-12 05:06:13
313,High Level,58.5169,-117.136,15.91,100,100,3.44,CA,2022-11-12 05:06:14
314,Rjukan,59.8789,8.5941,51.71,81,37,11.05,NO,2022-11-12 05:06:14
315,Nemuro,43.3236,145.575,53.51,70,59,21.07,JP,2022-11-12 05:06:15
316,Vila Velha,-20.3297,-40.2925,75.15,89,20,6.91,BR,2022-11-12 05:05:34
317,Encruzilhada Do Sul,-30.5439,-52.5219,59.04,91,91,3.87,BR,2022-11-12 05:06:15
318,Poum,-20.2333,164.0167,76.46,82,72,17.52,NC,2022-11-12 05:06:15
319,Zyryanka,65.75,150.85,-21.78,100,99,2.62,RU,2022-11-12 05:06:16
320,Pangody,65.85,74.4859,-7.15,92,14,11.54,RU,2022-11-12 05:06:16
321,Yulara,-25.2406,130.9889,98.44,11,0,20.71,AU,2022-11-12 05:06:16
322,Tessaoua,13.7574,7.9874,71.22,27,4,9.28,NE,2022-11-12 05:06:17
323,Mobile,30.7835,-88.2,68.38,85,0,0.0,US,2022-11-12 05:02:56
324,Barcelos,41.5388,-8.6151,57.34,73,3,6.29,PT,2022-11-12 05:06:17
325,Sydney,-33.8679,151.2073,82.31,68,40,13.8,AU,2022-11-12 05:01:29
326,Tosya,41.0155,34.0401,40.37,89,5,0.96,TR,2022-11-12 05:06:18
327,Umm Bab,25.2142,50.8072,81.37,55,1,6.98,QA,2022-11-12 05:06:18
328,Ormara,25.2088,64.6357,81.82,47,5,3.29,PK,2022-11-12 05:07:18
329,Huangchuan,32.1272,115.0394,56.43,59,100,13.51,CN,2022-11-12 05:07:19
330,Monticello,45.3055,-93.7941,28.9,77,100,12.66,US,2022-11-12 05:07:19
331,Turukhansk,65.8167,87.9833,-19.12,100,95,3.0,RU,2022-11-12 05:07:19
332,Acarau,-2.8856,-40.12,78.22,79,64,13.62,BR,2022-11-12 05:07:20
333,Awjilah,29.1081,21.2869,63.88,42,100,4.47,LY,2022-11-12 05:07:20
334,Searcy,35.2506,-91.7363,41.14,82,100,8.05,US,2022-11-12 05:07:21
335,Sola,-13.8833,167.55,79.9,78,100,8.72,VU,2022-11-12 05:07:21
336,Saryg-Sep,51.5,95.6,22.64,79,97,1.79,RU,2022-11-12 05:07:21
337,Issenye,-2.0,34.3333,68.32,72,85,1.59,TZ,2022-11-12 05:07:22
338,Canita,9.2097,-78.8811,72.99,97,78,1.95,PA,2022-11-12 05:07:22
339,Portland,45.5234,-122.6762,44.24,72,100,8.99,US,2022-11-12 05:06:30
340,Comodoro Rivadavia,-45.8667,-67.5,53.46,100,75,6.91,AR,2022-11-12 05:04:42
341,Zadar,44.1197,15.2422,47.01,87,0,2.3,HR,2022-11-12 05:07:23
342,Nara,34.6851,135.8049,74.91,45,0,1.48,JP,2022-11-12 05:05:02
343,Rio Grande,-32.035,-52.0986,64.2,93,0,10.65,BR,2022-11-12 05:07:23
344,Kamina,-8.7386,24.9906,63.55,98,100,4.52,CD,2022-11-12 05:07:24
345,Lavrentiya,65.5833,-171.0,16.75,79,5,10.07,RU,2022-11-12 05:07:24
346,Vestmanna,62.1564,-7.1664,47.32,76,75,10.36,FO,2022-11-12 05:07:24
347,Komsomolskiy,40.4272,71.7189,39.92,81,100,4.61,UZ,2022-11-12 05:07:25
348,Tame,6.461,-71.73,71.73,85,62,4.14,CO,2022-11-12 05:07:25
349,Vigia Del Fuerte,6.5789,-76.8863,72.64,99,100,1.5,CO,2022-11-12 05:07:25
350,Acajutla,13.5928,-89.8275,77.18,85,77,6.26,SV,2022-11-12 05:07:26
351,Bogorodskoye,56.55,37.8833,47.32,93,100,14.29,RU,2022-11-12 05:07:26
352,Avera,33.194,-82.5271,65.71,93,91,11.05,US,2022-11-12 05:07:26
353,Curtea De Arges,45.1333,24.6833,38.71,81,10,2.82,RO,2022-11-12 05:07:27
354,Novyy Urengoy,66.0833,76.6333,-9.27,95,8,8.68,RU,2022-11-12 05:07:27
355,Malakal,9.5334,31.6605,74.07,29,100,4.07,SS,2022-11-12 05:07:28
356,Davila,18.4726,120.5763,86.2,73,0,11.81,PH,2022-11-12 05:07:28
357,Wageningen,51.9667,5.6667,43.86,98,49,2.3,NL,2022-11-12 05:07:28
358,Bakchar,57.0186,82.0711,29.39,91,97,8.39,RU,2022-11-12 05:07:28
359,Kosonsoy,41.2561,71.5508,36.16,33,100,2.68,UZ,2022-11-12 05:07:29
360,Anchorage,61.2181,-149.9003,39.65,83,40,17.27,US,2022-11-12 05:04:10
361,Xochistlahuaca,16.7833,-98.25,74.37,96,87,1.19,MX,2022-11-12 05:07:29
362,Haines Junction,60.7522,-137.5108,21.18,95,100,3.94,CA,2022-11-12 05:07:30
363,Barguzin,53.6167,109.6167,25.88,74,99,1.41,RU,2022-11-12 05:07:30
364,Hamilton,39.1834,-84.5333,47.19,74,100,11.5,US,2022-11-12 05:07:30
365,Krasnoselkup,65.7,82.4667,-15.45,97,8,5.53,RU,2022-11-12 05:07:31
366,Georgiyevka,43.0369,74.7114,28.44,100,100,2.24,KZ,2022-11-12 05:07:31
367,Balabac,7.9868,117.0645,81.72,80,95,11.56,PH,2022-11-12 05:07:31
368,Carsamba,41.1989,36.7219,57.69,100,75,4.61,TR,2022-11-12 05:07:32
369,Oksfjord,70.2396,22.3479,35.78,89,96,3.22,NO,2022-11-12 05:07:32
370,Entre Rios,-11.9419,-38.0844,70.56,99,82,2.59,BR,2022-11-12 05:07:32
371,Petropavlovsk-Kamchatskiy,53.0452,158.6483,28.99,40,0,17.9,RU,2022-11-12 05:07:33
372,Tskaltubo,42.3254,42.5979,40.14,93,0,4.61,GE,2022-11-12 05:07:33
373,Volga,57.9516,38.3879,48.74,95,100,13.56,RU,2022-11-12 05:08:33
374,Whitehorse,60.7161,-135.0538,28.02,86,100,25.99,CA,2022-11-12 05:08:20
375,Harper,4.375,-7.7169,76.73,87,100,5.28,LR,2022-11-12 05:08:34
376,Pangnirtung,66.1451,-65.7125,-5.58,91,95,4.81,CA,2022-11-12 05:08:34
377,Beyneu,45.3167,55.2,40.35,74,1,7.76,KZ,2022-11-12 05:08:34
378,Ulaangom,49.9811,92.0667,22.55,70,34,2.55,MN,2022-11-12 05:08:35
379,Teya,60.3778,92.6267,25.02,86,100,9.66,RU,2022-11-12 05:08:35
380,Port-Gentil,-0.7193,8.7815,78.76,94,100,5.75,GA,2022-11-12 05:08:35
381,Okhotsk,59.3833,143.3,8.33,68,5,10.54,RU,2022-11-12 05:08:35
382,Sao Felix Do Xingu,-6.6447,-51.995,76.59,62,49,0.47,BR,2022-11-12 05:08:36
383,Itoman,26.1247,127.6694,78.82,92,75,17.27,JP,2022-11-12 05:08:36
384,Bay Roberts,47.5999,-53.2648,38.52,84,100,3.0,CA,2022-11-12 05:08:36
385,Port Pirie,-33.1833,138.0167,91.49,56,86,4.92,AU,2022-11-12 05:08:37
386,Myitkyina,25.3833,97.4,81.81,36,11,0.81,MM,2022-11-12 05:08:08
387,Alice,27.7523,-98.0697,56.93,71,100,18.41,US,2022-11-12 05:08:37
388,Te Anau,-45.4167,167.7167,66.83,44,100,3.65,NZ,2022-11-12 05:08:37
389,Rundu,-17.9333,19.7667,70.23,78,99,4.81,NA,2022-11-12 05:08:38
390,River Falls,44.8614,-92.6238,28.51,81,42,11.65,US,2022-11-12 05:05:09
391,Anadyr,64.75,177.4833,-10.05,97,49,6.91,RU,2022-11-12 05:08:38
392,Praia Da Vitoria,38.7333,-27.0667,62.76,82,28,14.32,PT,2022-11-12 05:08:38
393,Imeni Babushkina,59.7573,43.1285,44.06,90,91,10.18,RU,2022-11-12 05:08:39
394,Zhifang,30.35,114.3167,69.67,47,70,18.14,CN,2022-11-12 05:08:39
395,Wasilla,61.5814,-149.4394,38.73,69,100,20.71,US,2022-11-12 05:08:39
396,Southbridge,42.0751,-72.0334,69.37,96,100,3.0,US,2022-11-12 05:08:40
397,Pushkino,56.0172,37.8667,48.49,92,100,13.6,RU,2022-11-12 05:08:40
398,Kapoeta,4.7717,33.5903,77.2,63,100,7.56,SS,2022-11-12 05:08:40
399,Caluquembe,-13.7833,14.6833,55.99,71,100,1.77,AO,2022-11-12 05:08:40
400,Nipawin,53.3668,-104.0009,-5.28,100,97,3.15,CA,2022-11-12 05:08:41
401,Faya,18.3851,42.4509,59.52,50,1,2.64,SA,2022-11-12 05:08:41
402,Cilegon,-6.0174,106.0538,84.34,69,100,12.15,ID,2022-11-12 05:08:41
403,Cambridge,43.3601,-80.3127,52.99,94,100,10.36,CA,2022-11-12 05:04:36
404,Halifax,44.6453,-63.5724,58.44,90,100,1.01,CA,2022-11-12 05:06:43
405,Callaway,30.153,-85.5699,71.98,87,100,6.91,US,2022-11-12 05:08:42
406,Pandamatenga,-18.5278,25.627,69.55,81,100,5.68,BW,2022-11-12 05:08:42
407,Mombetsu,44.3525,143.3525,53.55,64,100,15.59,JP,2022-11-12 05:08:42
408,Buala,-8.145,159.5921,80.04,83,100,2.89,SB,2022-11-12 05:08:43
409,Clydebank,55.9014,-4.4057,57.24,90,100,5.75,GB,2022-11-12 05:08:43
410,Shaowu,27.3409,117.4831,86.45,45,0,0.67,CN,2022-11-12 05:06:39
411,Samarai,-10.6167,150.6667,81.55,77,82,13.44,PG,2022-11-12 05:08:43
412,Mocuba,-16.8392,36.9856,80.49,59,3,5.44,MZ,2022-11-12 05:08:44
413,Dharchula,29.85,80.5333,66.16,29,0,4.76,IN,2022-11-12 05:08:44
414,Gamboma,-1.8764,15.8644,68.92,98,100,0.67,CG,2022-11-12 05:03:55
415,Roma,43.2128,-75.4557,68.72,94,100,8.05,US,2022-11-12 05:08:44
416,San Juan Del Sur,11.2529,-85.8705,75.27,89,79,5.3,NI,2022-11-12 05:08:45
417,Swakopmund,-22.6833,14.5333,58.44,86,0,5.41,NA,2022-11-12 05:08:45
418,Basco,20.4487,121.9702,81.32,83,17,12.8,PH,2022-11-12 05:09:45
419,Gornopravdinsk,60.05,69.9,31.14,91,100,7.49,RU,2022-11-12 05:09:46
420,San Cristobal,7.7669,-72.225,69.98,97,96,2.35,VE,2022-11-12 05:09:46
421,Tougan,13.0667,-3.0667,74.53,21,3,6.8,BF,2022-11-12 05:09:46
422,Mangochi,-14.4782,35.2645,79.57,53,66,4.27,MW,2022-11-12 05:09:47
423,Huarmey,-10.0681,-78.1522,63.23,87,35,9.57,PE,2022-11-12 05:09:47
424,Asfi,32.2994,-9.2372,65.14,67,4,0.96,MA,2022-11-12 05:09:47
425,Cuiluan,47.72,128.648,28.8,62,100,7.14,CN,2022-11-12 05:09:47
426,Kearney,40.6995,-99.0815,16.36,70,0,5.01,US,2022-11-12 05:09:48
427,Tual,-5.6667,132.75,84.9,68,91,5.14,ID,2022-11-12 05:09:48
428,Huambo,-12.7761,15.7392,57.97,90,73,3.04,AO,2022-11-12 05:09:48
429,Sarh,9.1429,18.3923,71.65,39,27,3.98,TD,2022-11-12 05:09:49
430,Sunbury,-37.5833,144.7333,65.59,72,75,10.36,AU,2022-11-12 05:09:49
431,Pemangkat,1.1667,108.9667,80.89,79,100,1.77,ID,2022-11-12 05:09:49
432,Chicama,-7.8447,-79.1469,59.54,85,69,6.06,PE,2022-11-12 05:09:50
433,Quelimane,-17.8786,36.8883,82.76,66,3,6.22,MZ,2022-11-12 05:09:50
434,Sidi Ali,36.0998,0.4206,62.76,55,2,14.12,DZ,2022-11-12 05:09:50
435,Rocha,-34.4833,-54.3333,56.53,98,42,6.42,UY,2022-11-12 05:09:51
436,Naze,28.3667,129.4833,67.57,90,100,18.97,JP,2022-11-12 05:09:51
437,Makat,47.6469,53.3463,39.83,75,0,7.99,KZ,2022-11-12 05:09:51
438,Acapulco,16.8634,-99.8901,78.62,89,20,3.44,MX,2022-11-12 05:05:50
439,El Reno,35.5323,-97.955,32.27,80,0,8.05,US,2022-11-12 05:09:52
440,Lumeje,-11.55,20.7833,64.99,92,98,4.25,AO,2022-11-12 05:09:52
441,Christchurch,-43.5333,172.6333,68.2,64,75,11.5,NZ,2022-11-12 05:05:05
442,Kalmunai,7.4167,81.8167,83.12,74,88,0.2,LK,2022-11-12 05:09:52
443,Minsk,53.9,27.5667,47.95,96,100,12.35,BY,2022-11-12 05:09:53
444,Jijiga,9.35,42.8,65.89,65,34,3.24,ET,2022-11-12 05:09:53
445,Tocopilla,-22.092,-70.1979,63.88,67,2,5.12,CL,2022-11-12 05:09:53
446,Touros,-5.1989,-35.4608,77.49,77,32,10.45,BR,2022-11-12 05:09:53
447,Toccoa,34.5773,-83.3324,63.45,96,0,9.22,US,2022-11-12 05:09:54
448,Broome,42.2506,-75.833,69.85,82,100,11.99,US,2022-11-12 05:09:54
449,Tiarei,-17.5333,-149.3333,77.02,81,97,4.38,PF,2022-11-12 05:09:54
450,Susanville,40.4163,-120.653,28.81,90,0,0.0,US,2022-11-12 05:09:55
451,Nong Phai,15.9903,101.0618,86.95,59,100,0.67,TH,2022-11-12 05:09:55
452,Muros,42.7762,-9.0603,56.16,95,10,7.34,ES,2022-11-12 05:09:55
453,Almeirim,-1.5233,-52.5817,76.44,77,61,4.76,BR,2022-11-12 05:09:55
454,Lubango,-14.9172,13.4925,57.29,26,100,2.46,AO,2022-11-12 05:09:56
455,Lasa,46.6166,10.7002,50.14,44,100,1.68,IT,2022-11-12 05:09:56
456,Hami,42.8,93.45,43.47,29,3,3.78,CN,2022-11-12 05:09:56
457,Texistepec,17.8833,-94.7833,72.95,93,10,1.92,MX,2022-11-12 05:09:57
458,Tuy Hoa,13.0833,109.3,80.28,81,100,11.7,VN,2022-11-12 05:09:57
459,Kurilsk,45.2333,147.8833,48.07,71,100,23.98,RU,2022-11-12 05:09:57
460,Tala,30.6803,30.9429,62.62,75,0,5.64,EG,2022-11-12 05:07:26
461,Husavik,66.0449,-17.3389,38.75,90,99,5.66,IS,2022-11-12 05:09:58
462,Bismarck,46.8083,-100.7837,1.24,85,0,6.91,US,2022-11-12 05:09:58
463,Ende,-8.8432,121.6623,84.87,76,100,4.09,ID,2022-11-12 05:09:58
464,Chiang Khong,20.2613,100.4046,86.4,36,1,1.74,TH,2022-11-12 05:09:58
465,Derbent,42.0678,48.2899,52.14,75,40,1.36,RU,2022-11-12 05:10:59
466,Iralaya,15.0,-83.2333,79.48,81,71,5.61,HN,2022-11-12 05:10:59
467,Santiago Del Estero,-27.7951,-64.2615,73.9,69,100,13.11,AR,2022-11-12 05:10:59
468,Kiknur,57.3034,47.2011,43.38,91,100,15.84,RU,2022-11-12 05:11:00
469,Vao,-22.6667,167.4833,73.69,79,92,19.98,NC,2022-11-12 05:11:00
470,Pajapan,18.25,-94.7,72.43,94,2,4.07,MX,2022-11-12 05:11:00
471,Sioux Lookout,50.1001,-91.917,16.27,93,100,8.97,CA,2022-11-12 05:08:51
472,Tyukhtet,56.5389,89.3011,30.2,85,97,10.92,RU,2022-11-12 05:11:01
473,Bathsheba,13.2167,-59.5167,81.21,83,40,11.5,BB,2022-11-12 05:11:01
474,Ramban,33.25,75.25,58.55,38,0,3.56,IN,2022-11-12 05:11:01
475,Camacha,33.0833,-16.3333,63.82,77,20,4.61,PT,2022-11-12 05:11:02
476,Arlit,18.7369,7.3853,70.56,25,0,7.43,NE,2022-11-12 05:11:02
477,Torello,42.0463,2.2668,52.99,95,14,1.01,ES,2022-11-12 05:11:03
478,Ahipara,-35.1667,173.1667,64.29,82,15,7.63,NZ,2022-11-12 05:11:03
479,Novozybkov,52.5396,31.9275,48.56,96,100,10.98,RU,2022-11-12 05:11:03
480,Marsala,37.7966,12.4352,62.92,80,3,5.03,IT,2022-11-12 05:11:04
481,Manacapuru,-3.2997,-60.6206,78.22,80,79,4.43,BR,2022-11-12 05:11:04
482,Qianan,44.9932,124.0581,32.65,66,100,13.31,CN,2022-11-12 05:11:04
483,Altay,47.8667,88.1167,31.28,44,98,2.28,CN,2022-11-12 05:11:05
484,Muskegon,43.3,-86.1334,37.74,65,100,13.8,US,2022-11-12 05:11:05
485,Dom Pedrito,-30.9828,-54.6731,58.26,95,1,6.06,BR,2022-11-12 05:11:05
486,Bubaque,11.2833,-15.8333,82.35,64,93,9.8,GW,2022-11-12 05:11:06
487,Maldonado,-34.6667,-54.9167,60.22,95,26,7.83,UY,2022-11-12 05:11:06
488,Boat Of Garten,57.2491,-3.759,47.43,87,41,4.12,GB,2022-11-12 05:11:07
489,Santiago De Cao,-7.9589,-79.2392,60.93,88,100,11.5,PE,2022-11-12 05:11:07
490,Ponta Do Sol,32.6667,-17.1,67.71,80,25,3.33,PT,2022-11-12 05:11:08
491,Sabang,5.8933,95.3214,79.12,81,100,10.49,ID,2022-11-12 05:11:08
492,Manyana,-23.4,21.7167,66.06,86,100,12.26,BW,2022-11-12 05:11:08
493,West Fargo,46.875,-96.9004,19.45,79,100,14.97,US,2022-11-12 05:11:09
494,Flin Flon,54.7682,-101.865,4.91,95,61,5.48,CA,2022-11-12 05:11:09
495,Carora,10.1755,-70.0827,74.41,89,100,2.26,VE,2022-11-12 05:11:10
496,Pacific Grove,36.6177,-121.9166,51.66,85,40,3.44,US,2022-11-12 05:11:10
497,Dutse,11.7594,9.3392,68.13,31,90,5.5,NG,2022-11-12 05:11:10
498,Flic En Flac,-20.2742,57.3631,79.52,57,3,4.76,MU,2022-11-12 05:11:11
499,Havre-Saint-Pierre,50.2334,-63.5986,25.16,93,100,10.36,CA,2022-11-12 05:11:11
500,Haradok,55.4624,29.9816,49.06,96,100,14.32,BY,2022-11-12 05:11:12
501,Zhangye,38.9342,100.4517,45.81,29,0,5.21,CN,2022-11-12 05:11:12
502,Banda Aceh,5.5577,95.3222,78.3,85,100,5.39,ID,2022-11-12 05:11:13
503,Huandacareo,19.9833,-101.2833,62.55,95,0,3.67,MX,2022-11-12 05:11:13
504,Kostomuksha,64.571,30.5767,41.92,92,91,12.53,RU,2022-11-12 05:11:13
505,Golden,39.7555,-105.2211,28.42,58,0,1.99,US,2022-11-12 05:07:36
506,Remedios,22.4947,-79.5458,70.72,86,33,1.88,CU,2022-11-12 05:11:14
507,Areosa,41.7178,-8.8571,56.55,68,4,6.04,PT,2022-11-12 05:11:14
508,Ulundi,-28.3352,31.4162,68.25,88,100,3.91,ZA,2022-11-12 05:11:15
509,Sikonge,-5.6333,32.7667,73.89,53,85,7.11,TZ,2022-11-12 05:11:15
510,Siddapur,14.3333,74.8833,79.02,55,93,13.87,IN,2022-11-12 05:11:15
511,Mtinko,-4.55,34.85,67.05,68,62,7.02,TZ,2022-11-12 05:09:18
512,Verkhoyansk,67.5447,133.385,-12.77,98,99,1.77,RU,2022-11-12 05:11:16
513,Huilong,31.8111,121.655,76.08,69,50,9.48,CN,2022-11-12 05:12:16
514,Hambantota,6.1241,81.1185,84.96,66,71,11.3,LK,2022-11-12 05:12:16
515,Miri,4.4148,114.0089,84.31,71,62,9.13,MY,2022-11-12 05:12:17
516,Bajil,15.0584,43.2851,79.97,63,0,3.62,YE,2022-11-12 05:12:17
517,Saldanha,-33.0117,17.9442,63.21,78,62,14.03,ZA,2022-11-12 05:12:17
518,De-Kastri,51.4667,140.7833,29.01,64,47,6.46,RU,2022-11-12 05:12:18
519,Tatvan,38.5067,42.2817,43.95,74,52,6.76,TR,2022-11-12 05:12:18
520,Norway,45.7869,-87.9037,30.83,88,0,12.66,US,2022-11-12 05:12:18
521,Kralendijk,12.15,-68.2667,80.58,89,75,12.66,BQ,2022-11-12 05:12:19
522,San Patricio,28.017,-97.5169,56.84,74,100,20.62,US,2022-11-12 05:10:33
523,Nandaime,11.757,-86.0529,71.67,96,48,2.37,NI,2022-11-12 05:12:19
524,Conceicao Da Barra,-18.5933,-39.7322,73.47,88,100,6.02,BR,2022-11-12 05:12:20
525,Slave Lake,55.2834,-114.769,15.78,86,100,8.05,CA,2022-11-12 05:12:20
526,Asyut,27.181,31.1837,60.78,71,0,6.8,EG,2022-11-12 05:12:20
527,Pemberton,50.3164,-122.8027,31.78,92,28,0.98,CA,2022-11-12 05:12:21
528,Recreio,-21.525,-42.4692,70.2,98,92,1.57,BR,2022-11-12 05:12:21
529,Aykhal,66.0,111.5,6.22,96,100,4.65,RU,2022-11-12 05:12:22
530,Strezhevoy,60.7333,77.5889,25.59,95,100,9.64,RU,2022-11-12 05:12:22
531,Smithers,54.7804,-127.1743,16.12,86,75,0.0,CA,2022-11-12 05:12:22
532,Jimenez,28.3333,-105.4,60.31,39,69,8.77,MX,2022-11-12 05:12:23
533,Fairbanks,64.8378,-147.7164,25.61,92,100,3.44,US,2022-11-12 05:12:23
534,Katsuura,35.1333,140.3,69.93,64,12,5.28,JP,2022-11-12 05:12:23
535,Oranjestad,12.524,-70.027,80.91,88,84,1.01,AW,2022-11-12 05:12:23
536,Salinopolis,-0.6136,-47.3561,78.84,83,18,7.14,BR,2022-11-12 05:12:24
537,Gigmoto,13.7796,124.39,85.62,72,80,6.96,PH,2022-11-12 05:12:24
538,Bagdarin,54.4333,113.6,19.81,51,1,2.53,RU,2022-11-12 05:12:24
539,Bullhead City,35.1478,-114.5683,57.49,28,0,18.41,US,2022-11-12 05:12:25
540,Udachnyy,66.4167,112.4,3.94,97,100,3.13,RU,2022-11-12 05:12:25
541,Yabrud,33.9674,36.6574,49.8,74,75,3.11,SY,2022-11-12 05:12:26
542,Toora-Khem,52.4675,96.11,22.82,60,100,2.91,RU,2022-11-12 05:12:26
543,Sambava,-14.2667,50.1667,78.08,60,7,8.08,MG,2022-11-12 05:12:26
544,Girne,35.3417,33.3167,56.75,64,1,7.52,CY,2022-11-12 05:12:24
545,Merauke,-8.4667,140.3333,86.54,65,73,14.16,ID,2022-11-12 05:12:27
546,Belmonte,-15.8631,-38.8828,73.58,86,53,4.32,BR,2022-11-12 05:12:28
547,Marzuq,14.4,46.4667,70.11,41,0,1.16,YE,2022-11-12 05:12:28
548,Dunedin,-45.8742,170.5036,57.79,81,40,7.0,NZ,2022-11-12 05:09:47
549,Hervey Bay,-25.2986,152.8535,74.05,60,16,14.29,AU,2022-11-12 05:12:28
550,Rosetta,31.4044,30.4164,68.88,64,0,11.7,EG,2022-11-12 05:12:29
551,Formosa Do Rio Preto,-11.0483,-45.1931,69.06,96,76,2.84,BR,2022-11-12 05:12:29
552,Itarema,-2.9248,-39.9167,78.15,78,64,13.15,BR,2022-11-12 05:12:29
553,Maun,-19.9833,23.4167,71.96,74,100,6.02,BW,2022-11-12 05:12:30
554,Labuhan,-6.8844,112.2051,85.64,66,97,6.29,ID,2022-11-12 05:12:30
555,Prince Rupert,54.3161,-130.3201,35.69,100,100,4.61,CA,2022-11-12 05:12:30
556,Quatre Cocos,-20.2078,57.7625,79.09,61,47,9.86,MU,2022-11-12 05:12:31
557,Yarmouth,41.7057,-70.2286,68.99,96,100,14.97,US,2022-11-12 05:13:31
558,Murgab,37.4966,61.9714,48.83,36,0,7.83,TM,2022-11-12 05:13:31
559,Ixtapa,20.7,-105.2,72.63,88,0,2.3,MX,2022-11-12 05:13:31
560,Burnie,-41.0667,145.9167,62.94,69,100,7.38,AU,2022-11-12 05:13:32
561,Kawalu,-7.3817,108.2082,82.54,75,100,3.71,ID,2022-11-12 05:13:32
562,Vestmannaeyjar,63.4427,-20.2734,47.07,84,97,23.42,IS,2022-11-12 05:13:32
563,Mezen,65.8522,44.24,35.42,99,100,4.65,RU,2022-11-12 05:13:33
564,Sehore,23.2,77.0833,77.27,30,5,6.78,IN,2022-11-12 05:13:33
565,Merzifon,40.8733,35.4631,38.66,93,34,1.14,TR,2022-11-12 05:13:33
566,Mfou,3.7159,11.6427,64.9,98,95,0.47,CM,2022-11-12 05:13:34
567,Port Augusta,-32.5,137.7667,94.95,27,61,19.04,AU,2022-11-12 05:13:34
568,Boa Vista,2.8197,-60.6733,76.98,83,20,3.44,BR,2022-11-12 05:13:34
569,Coahuayana,18.7333,-103.6833,74.75,89,58,1.12,MX,2022-11-12 05:13:34
570,Kushiro,42.975,144.3747,54.43,68,100,17.13,JP,2022-11-12 05:09:46
571,Jutai,-5.1833,-68.9,72.27,99,100,4.0,BR,2022-11-12 05:13:35
572,Antalaha,-14.9003,50.2788,79.09,54,72,5.28,MG,2022-11-12 05:13:35
573,Nanortalik,60.1432,-45.2371,26.8,85,100,8.43,GL,2022-11-12 05:13:35
574,Shache,38.4167,77.2406,46.36,30,99,0.96,CN,2022-11-12 05:13:36
575,Manica,49.0,-1.1667,48.67,87,81,5.32,FR,2022-11-12 05:13:36
576,Sinnar,13.5691,33.5672,73.81,26,86,10.2,SD,2022-11-12 05:09:11
